{"ponto":[],"reta":[],"retangulo":[{"p1":{"x":0.4900965172894555,"y":0.3285337081179515},"p2":{"x":0.2985409623172605,"y":0.11057466230455404},"p3":{"x":0.4137667299904318,"y":0.5056753376954459},"p4":{"x":0.22221117501823676,"y":0.2877162918820485},"cor":{"r":255,"b":0,"g":0}}],"linha poligonal":[],"circulo":[],"poligono":[]}